id,probability_default
0,0.18747886357810714
1,0.39209416647727496
2,0.9940675012898731
3,0.20178841138305512
4,0.2744800957040633
5,0.13877175152127832
6,0.2375423089162766
7,0.24098459133247857
8,0.2605533199270634
9,0.12824369505979807
10,0.16762604984900983
11,0.36843822223950806
12,0.991781502446554
13,0.2582472696150585
14,0.4100875300331315
15,0.32010701778253225
16,0.37989294711286953
17,0.21908993908748312
18,0.08768938315707524
19,0.19627167148708144
20,0.23006575250760944
21,0.2302801951231441
22,0.22673497980306279
23,0.06313125800882508
24,0.2047794479193058
25,0.22993096002472008
26,0.3802987232441762
27,0.2128123969181609
28,0.23313688422181778
29,0.268721491693928
30,0.1990741118195392
31,0.12657492964623643
32,0.1854704671367044
33,0.24738247871014502
34,0.14992184973094627
35,0.16809151905350941
36,0.00010919488907712042
37,0.17376562787347496
38,0.25373026536662935
39,0.1767626151857338
40,0.34594239112380126
41,0.9938172946444609
42,0.5595617553457025
43,0.1278061209094316
44,0.34306308018877335
45,0.0839787876687217
46,0.20738392877022843
47,0.3779508210864509
48,0.27476258622317035
49,0.41730061066177904
50,0.2400068443492191
51,0.17655796168703236
52,0.21921582281455612
53,0.2246969447986673
54,0.9951718488272595
55,0.22927740429080298
56,0.414388902744704
57,0.0445110530460529
58,0.9943336684178342
59,0.15540500588661435
60,0.25621686475232236
61,0.17097879883087622
62,0.15163610071656464
63,0.25678234195689076
64,0.44661126256180017
65,0.16952560512811826
66,0.11933894901944389
67,0.16763155444302025
68,0.17304411036847175
69,0.2270682457003247
70,0.3586805006094506
71,0.1311898192254983
72,0.12484309053186884
73,0.0849819334864104
74,0.9979514612194629
75,0.13509411715130695
76,0.3894791759919832
77,0.24920129102183466
78,0.2617979602730087
79,0.3492093302469222
80,0.3651192635815232
81,0.26281973267975256
82,0.15075557368461395
83,0.33219083213203576
84,0.12938117581951664
85,0.15718655556206382
86,0.9907593681675302
87,0.9955572858238486
88,0.2971432867212915
89,0.21240479669899973
90,0.13284172144181824
91,0.26869533133969686
92,0.2039880854863804
93,0.3297147116337235
94,0.3388382882546683
95,0.31113217070148236
96,0.20761213127107764
97,0.28386134817016445
98,0.22789861674089448
99,0.15885048966103074
100,0.39054888167910085
101,0.2862108708239343
102,0.17727114625790769
103,0.16364724599452066
104,0.2051118015589598
105,0.2420640526115131
106,0.4438002977718672
107,0.39494432633626214
108,0.30326485154419
109,0.3100941022289271
110,0.1718965145767959
111,0.18840175373479165
112,0.3931494787822551
113,0.17265852450217636
114,0.2877730832856144
115,0.46912217194037115
116,0.17929450182991244
117,0.35434684099388875
118,0.13622686214398133
119,0.3317921046801153
120,0.43552076085661584
121,0.32596833411865117
122,0.22997658513856764
123,0.16999094145216417
124,0.49341376574745976
125,0.2517733915765121
126,0.9938371855844864
127,0.22393185780830782
128,0.3332536329858453
129,0.23555862553210333
130,0.10918402197385928
131,0.3814023504602556
132,0.44283398609181174
133,0.12412471861848669
134,0.9972449224078459
135,0.18338213444352242
136,0.0968531570474907
137,0.26001910253772337
138,0.2554572011085078
139,0.42258530123282856
140,0.20757661222006318
141,0.17912180242073916
142,0.20675265721384628
143,0.15367876565506228
144,0.3696064493174363
145,0.0841040219395225
146,0.37262387746770836
147,0.14316040868126112
148,0.17336046980137182
149,0.9889444014844632
150,0.46501824636562056
151,0.13606233729985637
152,0.2163752628378773
153,0.2810923376003197
154,0.3606758438288654
155,0.1947418333939105
156,0.12462405615737628
157,0.5306182705978819
158,0.09403330404831516
159,0.23225589070400177
160,0.16830536098873256
161,0.16446809933711612
162,0.2721796495035956
163,0.1140532548272256
164,0.9957508676957803
165,0.22751034137850398
166,0.3747821024620489
167,0.10641058488028098
168,0.20461028892812289
169,0.41435668255987096
170,0.3897070903919298
171,0.22277350797852052
172,0.19759788325304528
173,0.3629417178137218
174,0.9910688557856152
175,0.11469383412648348
176,0.09478127626315778
177,0.3063216651231234
178,0.2356702788639654
179,0.12222682273235667
180,0.30928206033871725
181,0.19124527741411268
182,0.35437984041408677
183,0.11292963199121679
184,0.2558625026165069
185,0.10880589524535118
186,0.3133691548035632
187,0.09431435453096691
188,0.0828786368903646
189,0.24189333968942373
190,0.43541498227643816
191,0.15152308232804315
192,0.24560524190617739
193,0.12466108455739425
194,0.0005257078083129652
195,0.17712849623635427
196,0.11362229593705668
197,0.321177201256408
198,0.15668570754506195
199,0.1596715288897361
200,0.2520707360388552
201,0.17506572406674933
202,0.22895902540801788
203,0.14691261910095582
204,0.22110895875200193
205,0.21666215513551348
206,0.11229803502344601
207,0.9936709267218955
208,0.4607500020024784
209,0.18318798862979707
210,0.410712061384136
211,0.1593402788271657
212,0.30797324000119797
213,0.9959916250290808
214,0.20240373118682414
215,0.1888951639390567
216,0.47454824549746594
217,0.22367283885372896
218,0.11599153838581897
219,0.45005095232464337
220,0.13680149462705482
221,0.9984305197888468
222,0.026576783584694577
223,0.20377328449968388
224,0.9903641331919565
225,0.29997128302221204
226,0.9974546296157157
227,0.9947980050550072
228,0.04091057631813938
229,0.23830431585795117
230,0.4805759923533036
231,0.164711166937781
232,0.20381597816374172
233,0.13851677314892474
234,0.3185472008882966
235,0.1474445108931538
236,0.22763924805732252
237,0.18772563775208917
238,0.26217444747893714
239,0.2495106958395872
240,0.2642850071487549
241,0.10140061115033842
242,0.25634930592313054
243,0.27233276436824155
244,0.15665196204204512
245,0.09269078816686137
246,0.3558594942515436
247,0.10243742474656486
248,0.9942035234599067
249,0.2978783364908879
250,0.16323020088081688
251,0.21082241867022833
252,0.3243325441140937
253,0.04680712891240887
254,0.21781857277545388
255,0.40837536934469465
256,0.13949920481854317
257,0.32414215063470336
258,0.13786473315680015
259,0.11515814814509749
260,0.10614263240355631
261,0.3345129606534542
262,0.11918721520991273
263,0.286237535714575
264,0.19948325898250685
265,0.5527602022050593
266,0.20174685347742918
267,0.9929326226723119
268,0.20483959231862922
269,0.21983200415002926
270,0.14404408601717866
271,0.30728312398936436
272,0.161214063160829
273,0.2643416268203783
274,0.19619422325797561
275,0.1971727062111649
276,0.3326490172780999
277,0.18278263324069918
278,0.1662486096905148
279,0.19498206241518265
280,0.19714400968118506
281,0.058621776866657836
282,0.27629313165756086
283,0.2943600177671076
284,0.18756249363937258
285,0.008482771308011493
286,0.17356751726541816
287,0.10848016541060261
288,0.3338677700564853
289,0.19389976441264345
290,0.07189488832226192
291,0.23221633488820148
292,0.2614301715359685
293,0.12903635719491352
294,0.1904561609429376
295,0.3111301528993691
296,0.45070650738183554
297,0.3542571972847676
298,0.32701302907281354
299,0.2074266208428855
300,0.24834548563530667
301,0.1733886431663098
302,0.9927141429876416
303,0.17455171165243422
304,0.2186003023274394
305,0.4063797622979031
306,0.253390072651674
307,0.20879038945310216
308,0.23952723910147594
309,0.1323244024207127
310,0.10131851816144957
311,0.3555956202738495
312,0.1250801258678195
313,0.29670709772217263
314,0.15502155983695076
315,0.9971055722898646
316,0.13643592570832513
317,0.16049805621064067
318,0.14466091288089308
319,0.3234045353291881
320,0.25477597314414796
321,0.2374108346071798
322,0.48121081370460767
323,0.09795109396743004
324,0.2559457116296296
325,0.30971040616923223
326,0.2507312699487073
327,0.41694710534616963
328,0.3764517029298734
329,0.48704948027968953
330,0.26363909944275343
331,0.2495078543288767
332,0.19175915214050313
333,0.28703303756978615
334,0.08853485275486483
335,0.3422233269148865
336,0.21023476184216702
337,0.1466831904257089
338,0.23616166797612015
339,0.09113580929458007
340,0.2768213299508484
341,0.1327348393611208
342,0.16895156732634695
343,0.20980599255845342
344,0.40380792036280394
345,0.40780905017348146
346,0.23330817346686267
347,0.49653201169797895
348,0.4567682219838144
349,0.12256429174152689
350,0.29135591978612146
351,0.3115671920786034
352,0.25651776649714464
353,0.25083372832681916
354,0.19384955649955485
355,0.19162858630076984
356,0.10885144349908235
357,0.3666564988246873
358,0.39332669293577105
359,0.5140944178914509
360,0.487988993711592
361,0.24745535423104292
362,0.04881442876780258
363,0.32312877498417575
364,0.30630890200963207
365,0.2183341040474426
366,0.9954640253408602
367,0.49081207448098385
368,0.11491738756167696
369,0.30101589051156974
370,0.15867969301109472
371,0.08343124866198989
372,0.4084621036491402
373,0.15146617999698772
374,0.06430066898307307
375,0.12655466250797592
376,0.23232515314494942
377,0.13894348171591056
378,0.3332126904384715
379,0.4107373644837621
380,0.4484012535984622
381,0.991182706785687
382,0.158092342156951
383,0.23664894873926276
384,0.2235584421167028
385,0.15866874580093207
386,0.14733575834133877
387,0.3315689188408055
388,0.21813334805118256
389,0.33747096974285845
390,0.1273715228840914
391,0.2086267956885369
392,0.9920457555558914
393,0.20481269644850383
394,0.16241084068749376
395,0.14495081866271306
396,0.11273666233708009
397,0.23548260644439678
398,0.4153094924743256
399,0.15232902683105976
400,0.11267900409541627
401,0.32161719082049967
402,0.1543174554301539
403,0.1763121627180078
404,0.2771806093519357
405,0.22715489807154707
406,0.08289744669178555
407,0.3081498525330527
408,0.2150027903644194
409,0.22711353847210325
410,0.18792255995094276
411,0.3282528405071846
412,0.3251696612752601
413,0.9943584688033151
414,0.21450069857310908
415,0.16157269707789232
416,0.08733670669496574
417,0.22451767653431812
418,0.24021995482705685
419,0.2227007061413264
420,0.27697684166727676
421,0.22337156960546187
422,0.14617142634005875
423,0.10447870515614904
424,0.22331306806315654
425,0.1468233171059485
426,0.19812509394488714
427,0.4510656696272448
428,0.20484320612961865
429,0.37711714236615607
430,0.22369239484247985
431,0.2202884272446048
432,0.25840808174632557
433,0.20340996472235634
434,0.16934222692946774
435,0.055579874646169765
436,0.1630779242855207
437,0.4546113658096761
438,0.18521085137561977
439,0.26582814877699634
440,0.17223360974855836
441,0.9972574004783502
442,0.2206296879361622
443,0.29947648353014045
444,0.4199887574024929
445,0.16974567334647966
446,0.31168948528883306
447,0.23021120830196617
448,0.4309463658680718
449,0.32714541225018906
450,0.20805665685094732
451,0.18503835870093444
452,0.2592056610624048
453,0.16621749459625043
454,0.14050495871094978
455,0.4921124265888375
456,0.3404917934743778
457,0.11229608582535293
458,0.3811186490906192
459,0.29503274869736684
460,0.22376514503642325
461,0.4512675636870138
462,0.27982054373114157
463,0.15504518929348687
464,0.18710078561862614
465,0.247328596726517
466,0.06432713886617904
467,0.16474492744349023
468,0.38709709849083257
469,0.36823743868039516
470,0.2503682492672539
471,0.13998389075879525
472,0.37149744340814184
473,0.19995725568875422
474,0.3726246592285331
475,0.2550009164032682
476,0.22787296054159387
477,0.38565750490671047
478,0.19370313571668007
479,0.2383177257720115
480,0.3013980372633212
481,0.19639416630883713
482,0.36934442856881294
483,0.22983367842391159
484,0.1989087342417474
485,0.23734299071261955
486,0.3393581762254753
487,0.1856632991098996
488,0.2920999314563577
489,0.1550633765850601
490,0.30927763566975613
491,0.39008146686963946
492,0.37640946649177864
493,0.39815419993577095
494,0.414156734807115
495,0.2966858387305357
496,0.2317958225081872
497,0.13483551255300819
498,0.2418590110014795
499,0.2763450551045216
500,0.21737544387651467
501,0.3290261858256882
502,0.23009436602432906
503,0.35879375626746574
504,0.1640634579796723
505,0.16563327151603618
506,0.21344122200416446
507,0.9971620714838827
508,0.217718011369159
509,0.3404156604979042
510,0.3490068944218872
511,0.2961810802286277
512,0.3719910179714364
513,0.3751813628598789
514,0.4763744418565078
515,0.3810283413398914
516,0.23519172155301482
517,0.2470467710263715
518,0.2188679448741527
519,0.24920959266041603
520,0.1847838947680765
521,0.1647591622715378
522,0.3043190190972394
523,0.2915881897955767
524,0.10602395628170133
525,0.9866603258681569
526,0.26609968782298676
527,0.13007782281910138
528,0.41097530121868364
529,0.3664734481518157
530,0.2569640114675361
531,0.9959028204510466
532,0.3013477905566929
533,0.13668631824184677
534,0.25625784069968294
535,0.17317961104461388
536,0.23566160488632656
537,0.2018492659264396
538,0.12152340189686617
539,0.15438498445284532
540,0.2343421110585973
541,0.20762626801114117
542,0.1825599177195268
543,0.1835302310962938
544,0.46660029274282167
545,0.11245898354265894
546,0.35972150621884647
547,0.1343939131062278
548,0.012894814695738577
549,0.3472297629933296
550,0.29185000849544074
551,0.20330016694225744
552,0.25903214898329613
553,0.09772492521270286
554,0.4065954840070205
555,0.1987684158946923
556,0.18532376110848253
557,0.36128963251236673
558,0.32241505805943593
559,0.9963411189445077
560,0.41253134629201155
561,0.26310407590486823
562,0.2824362971961244
563,0.3137552360946801
564,0.222068402826612
565,0.16970928000420724
566,0.14946972147345278
567,0.14923109333958134
568,0.22214245136563085
569,0.1032875076633318
570,0.48847396028153073
571,0.25283986245711637
572,0.39854357042871785
573,0.47056209046702974
574,0.4219912963513419
575,0.2268690426780813
576,0.3765660540562618
577,0.09896840819892559
578,0.09495915318150436
579,0.2115470812497733
580,0.4607215016421797
581,0.18861621983764879
582,0.1428331300354251
583,0.36931335643937185
584,0.1580879315064489
585,0.987509842790074
586,0.33013302278431317
587,0.253080427702759
588,0.15510714093768377
589,0.33048602102040997
590,0.18662158125820552
591,0.17354095805612532
592,0.9957151517955003
593,0.06167562233211387
594,0.19306925625897584
595,0.46317311552108337
596,0.16299632023537064
597,0.14134466164625117
598,0.21701107334839564
599,0.42903707754523607
600,0.3608721011170789
601,0.24080481565312284
602,0.12666905966155217
603,0.17087468157996946
604,0.04027818897766556
605,0.9979241446577265
606,0.09103893912514686
607,0.3268038522703642
608,0.13058126303251721
609,0.18729586794368114
610,0.3881185371212606
611,0.9883663978245872
612,0.15388779600346275
613,0.2630253261951917
614,0.17767927402244302
615,0.2554341993971238
616,0.24821467109574497
617,0.34989858764029486
618,0.9975417322809967
619,0.22664110625560907
620,0.29581200606502034
621,0.15735079487561934
622,0.12055026536756502
623,0.3609065588254378
624,0.3265375888410875
625,0.3040835687921369
626,0.26229469961808694
627,0.17816454779587335
628,0.3708801839531732
629,0.14807850556552268
630,0.9939162914558788
631,0.1675125455994085
632,0.22367517207952967
633,0.27375726957648155
634,0.2104692087729617
635,0.3415268778540369
636,0.9931191294028496
637,0.16813525085798176
638,0.24401746768039673
639,0.11919502216861129
640,0.18306768090256129
641,0.1688975530423923
642,0.20193081606380384
643,0.16735132758167126
644,0.3255069795505809
645,0.3825984884495325
646,0.07257204562732388
647,0.12222918585776367
648,0.25301087068339495
649,0.42471802848932944
650,0.47879774483921894
651,0.17392516193186972
652,0.14093381421384896
653,0.21651394239064783
654,0.22795750393751113
655,0.17699581878429974
656,0.21641231082689236
657,0.5910285953083403
658,0.30058335799292923
659,0.29019570831515173
660,0.2022908694082699
661,0.1698167082338598
662,0.14589967186233654
663,0.2772318504671247
664,0.2909111751805323
665,0.32903701169622906
666,0.9955969991051798
667,0.9968480000459271
668,0.1439422848577425
669,0.32584718117734196
670,0.3141549525426874
671,0.26951166625021483
672,0.995863385151561
673,0.14076077649971377
674,0.33906791535627046
675,0.3007240961363209
676,0.1286811274692786
677,0.1273468545006617
678,0.2576839817934339
679,0.14457714645225295
680,0.37481649516440974
681,0.9976977394077873
682,0.2584090448211156
683,0.16590574687106158
684,0.280956106866114
685,0.17254090857283477
686,0.1749892778586767
687,0.1696608125931423
688,0.33555739317691463
689,0.12541099372443903
690,0.26458283955224726
691,0.19333243908279196
692,0.9972664930295594
693,0.20802744112018404
694,0.13006138953439284
695,0.1643395656114173
696,0.9944772286115211
697,0.19563768003613405
698,0.33443566685689685
699,0.1740736299231159
700,0.23114633294044182
701,0.2087327801602322
702,0.17569943866209112
703,0.35571639100640634
704,0.9941488182125435
705,0.16349423596832466
706,0.20224368725149708
707,0.19163825070793822
708,0.14848845467386967
709,0.22781602521180802
710,0.14071014800212162
711,0.21355308623181823
712,0.9969186299194972
713,0.3409969451774562
714,0.24946870668479884
715,0.22593341374270737
716,0.20852979413038147
717,0.22192040943409228
718,0.1837090373526276
719,0.13937538790312257
720,0.30862919443322046
721,0.13713852824749834
722,0.2625788671240341
723,0.9974928415577927
724,0.11087912517820113
725,0.31976276722793934
726,0.40821843072075326
727,0.37167419301487464
728,0.31665458513713857
729,0.17801045321520656
730,0.2617201077279305
731,0.4306026790585192
732,0.3291682920314517
733,0.29872253397970466
734,0.3528531507166051
735,0.182489315400906
736,0.35834580118656467
737,0.13387227514635874
738,0.19420423499682846
739,0.32111545455784063
740,0.1346364196420549
741,0.17442271563138315
742,0.186552476199528
743,0.184565490165171
744,0.32755630433488064
745,0.25980131514175314
746,0.4243692241838697
747,0.10843438219386088
748,0.20243501152295046
749,0.18594088692792277
750,0.5204421484900602
751,0.19523926079573894
752,0.07409233008693603
753,0.9971003893877848
754,0.13492925627413987
755,0.22602393925394149
756,0.07800099228376561
757,0.9977246213221687
758,0.2856662173311896
759,0.9976390125046755
760,0.20589637217243484
761,0.11593324193051313
762,0.4064846406967638
763,0.2597622714229049
764,0.3008429804902538
765,0.09587381877465133
766,0.10354713894721636
767,0.46923594140574604
768,0.11022915130767465
769,0.2667527359952942
770,0.10935122722118211
771,0.0490671553799566
772,0.30241179638642185
773,0.10890334865920649
774,0.25146934412553623
775,0.24359404388068084
776,0.33297920779694173
777,0.22320441328322818
778,0.13257102190901957
779,0.23887461404622193
780,0.2042259674249124
781,0.2440474480663644
782,0.12309479498905407
783,0.18576041373381855
784,0.11635806713734866
785,0.24670138925683463
786,0.29837260276875616
787,0.9959316595282325
788,0.4251937338151497
789,0.13701569425715776
790,0.20607947281885367
791,0.23203415917485806
792,0.415917678126257
793,0.19458777742544833
794,0.247171172910594
795,0.9984451194352745
796,0.04672781613755093
797,0.2575565505635176
798,0.1532763550363792
799,0.1712903255494588
800,0.0690704092088936
801,0.04440892823062473
802,0.9823556321452798
803,0.9978967711622961
804,0.2624660354665139
805,0.1829185804562346
806,0.2311982056270138
807,0.2192971784846847
808,0.18118118562381938
809,0.12376593760098652
810,0.2756302543279071
811,0.17353538102098187
812,0.24919127558864088
813,0.1986859402557673
814,0.3162202377980483
815,0.27956291404386446
816,0.14182384334687184
817,0.2774662735935582
818,0.5793547741979775
819,0.34974207646316163
820,0.24473314017692469
821,0.14842164930237547
822,0.1710086337553965
823,0.2004725530375219
824,0.4997108084054918
825,0.2348740046296883
826,0.27628515786032304
827,0.16046168466224706
828,0.1716974791596363
829,0.14790120864628165
830,0.20421904685918393
831,0.9900293969701129
832,0.26975091348213154
833,0.11495543832713978
834,0.14978284888256357
835,0.17696612331815184
836,0.10096266221146846
837,0.13731681269074614
838,0.17361104224939714
839,0.23474824660579746
840,0.2961659162933493
841,0.27054732871538584
842,0.18373910790861836
843,0.9964134095079947
844,0.23860991687355218
845,0.3470046889338568
846,0.2414785522098558
847,0.32097817033649206
848,0.15782840357139863
849,0.23104372285756877
850,0.9979604003079606
851,0.30359049455763765
852,0.12619370680267117
853,0.1557853974168108
854,0.1363965510223011
855,0.3046024024670208
856,0.3461025244946084
857,0.3335010278993933
858,0.1627845459734959
859,0.33253938085704815
860,0.02535196251028552
861,0.15789745263678495
862,0.2709701483394823
863,0.21641506411197423
864,0.17947998524456685
865,0.16171211789688072
866,0.15964551618226747
867,0.22734681316617883
868,0.1918113425033714
869,0.1756053154163612
870,0.3117142797098208
871,0.5818511382702535
872,0.3495914530054504
873,0.30667871734007096
874,0.1483163752038349
875,0.3909038559809172
876,0.1227666771941767
877,0.1391714432049691
878,0.3283119534096135
879,0.04769947866359152
880,0.07640632003249342
881,0.5168602103779877
882,0.3271294678210616
883,0.1810735369410191
884,0.10690098536245436
885,0.4979984382440818
886,0.161131881175117
887,0.16504945191278794
888,0.0994591543178618
889,0.21253094448262763
890,0.217252445641832
891,0.20359632283855733
892,0.3549915426026593
893,0.22862750008903612
894,0.1632746326027971
895,0.2748502996910799
896,0.312132545025513
897,0.14399554881223645
898,0.12977904393992623
899,0.16683001651642582
900,0.2516984311653831
901,0.3010447178596025
902,0.28404531900325636
903,0.0853882904551199
904,0.1195570362917388
905,0.1500595420381027
906,0.995679633930651
907,0.09851673377920207
908,0.2968095246799229
909,0.2402371150561168
910,0.06812181043625817
911,0.32277763683142274
912,0.03618436756184892
913,0.1437625356820798
914,0.9926499123038561
915,0.20687980738556172
916,0.14732564860966746
917,0.1810162421957441
918,0.17516366129980654
919,0.993202604199707
920,0.9943865796952489
921,0.9927527348107523
922,0.2772668865772549
923,0.25610425066690456
924,0.9951531160194168
925,0.2811558725387543
926,0.9915543083424934
927,0.296989417655791
928,0.29278694352863266
929,0.223954311375869
930,0.21058861790003186
931,0.3505081865644341
932,0.19860630628259265
933,0.17726635562598234
934,0.23184829925475872
935,0.23753353949706693
936,0.11950130766967602
937,0.177447192614781
938,0.9978804053440358
939,0.3907192268747222
940,0.37959841655265475
941,0.28119135789065924
942,0.4068179465271473
943,0.3294630183184647
944,0.18036118919834812
945,0.18728979218106767
946,0.14446990081934502
947,0.33460153881752175
948,0.2360630007187227
949,0.12847389010422752
950,0.12819299775938844
951,0.318621770814249
952,0.213379150543776
953,0.3040951524616623
954,0.11738721280085128
955,0.15443057610952196
956,0.32549845121927784
957,0.16919471934108174
958,0.19760500064742065
959,0.08884690717035236
960,0.2565004570255677
961,0.1408894780707082
962,0.4138814885883978
963,0.11160017386959079
964,0.17986160673834783
965,0.9961007544256291
966,0.19209932172761726
967,0.05327650845082728
968,0.20493280474904857
969,0.1543744786044097
970,0.23377737168505916
971,0.28424024747556687
972,0.3989771568834268
973,0.43249735707455894
974,0.38485987120741494
975,0.19875780874540688
976,0.1250735034774863
977,0.2895579511158698
978,0.2847218711694549
979,0.4945839890969019
980,0.151746652755779
981,0.16484066519746696
982,0.15411352540983214
983,0.9957011885310232
984,0.9970995941310298
985,0.30578159765130886
986,0.2361968809737151
987,0.9935418072811446
988,0.380876452290751
989,0.1146371811997913
990,0.29995505876508366
991,0.17586992492431938
992,0.13102552833791872
993,0.1794189055683745
994,0.19942771685763783
995,0.9975323864076123
996,0.3510848909519322
997,0.20780684343667485
998,0.3446690253702496
999,0.45240020674082765
1000,0.15743774807503333
1001,0.16097644717854206
1002,0.3050871864102159
1003,0.2428236602509249
1004,0.2583799956138315
1005,0.22557400544170667
1006,0.14226683669376575
1007,0.2355302354854637
1008,0.0347815079957564
1009,0.19166723485742185
1010,0.15379559217477828
1011,0.9957304644360851
1012,0.22992195524545447
1013,0.1607558018551896
1014,0.23152382855515655
1015,0.17012995098130465
1016,0.3272839109735402
1017,0.25876755665378837
1018,0.9964798518124178
1019,0.3855919149066206
1020,0.20166827936574225
1021,0.46467216613400236
1022,0.19684322449366692
1023,0.13549380976219436
1024,0.1911803815416315
1025,0.18322055672621532
1026,0.2191536847699086
1027,0.45843186208433223
1028,0.19025886072466827
1029,0.0808257813000661
1030,0.21169985273805358
1031,0.26200855288388364
1032,0.4603381166434686
1033,0.23012281968403894
1034,0.3430155687668613
1035,0.19552925235934765
1036,0.10150157183545236
1037,0.45402749847141366
1038,0.2470718717870633
1039,0.9972127581705791
1040,0.36989598239070476
1041,0.09989913125496955
1042,0.29352720599559345
1043,0.23339585147792238
1044,0.21670777753197085
1045,0.07591784295349163
1046,0.20868978041822728
1047,0.1480226047365226
1048,0.2692791861268497
1049,0.21593419003479214
1050,0.2694851486788183
1051,0.14921032730294348
1052,0.24693750663249173
1053,0.30217015991485624
1054,0.34378695178990115
1055,0.309173603037829
1056,0.3656598283960613
1057,0.26291700123142775
1058,0.5995579760854318
1059,0.3563988807796483
1060,0.2659759402233663
1061,0.14681528772588165
1062,0.27663324316878435
1063,0.13069062179896535
1064,0.23013288692304462
1065,0.3528331481462983
1066,0.23360242720777075
1067,0.16792151590910037
1068,0.2529890401347034
1069,0.9955926989313518
1070,0.3739611402815543
1071,0.2279602745908131
1072,0.2817122765748265
1073,0.21397716557762622
1074,0.16746419603856671
1075,0.9954955019995922
1076,0.2612966394967474
1077,0.44138879171277406
1078,0.33773924776652814
1079,0.25161335756652886
1080,0.15640909810134337
1081,0.3898392779678184
1082,0.1276386955457816
1083,0.9948356181760498
1084,0.16913517836042546
1085,0.2757117178537862
1086,0.2733205229613486
1087,0.16847581607591527
1088,0.15933156259294862
1089,0.004782548658669687
1090,0.3192568527710203
1091,0.042528438537170324
1092,0.16834207015920583
1093,0.16144330565406392
1094,0.20836311649871195
1095,0.32975036884375364
1096,0.1683016212157579
1097,0.0978668873584335
1098,0.11355638407474906
1099,0.3353701952796727
1100,0.3814727661612582
1101,0.9979567714882038
1102,0.16603484837382954
1103,0.16447855116544524
1104,0.040988201193927015
1105,0.2289569191485232
1106,0.09355401070019051
1107,0.37764563951898583
1108,0.3232082804401794
1109,0.027141810410879614
1110,0.11974927493023452
1111,0.1990518054810517
1112,0.20174481810537745
1113,0.39847611055729126
1114,0.556098994933649
1115,0.3414907513699719
1116,0.22804036098828884
1117,0.4345585425786209
1118,0.18355893470706325
1119,0.2322829798744065
1120,0.44953997341407986
1121,0.17713678061833246
1122,0.3311008160438483
1123,0.17521417590102803
1124,0.37187090627949904
1125,0.24879889574028205
1126,0.2835834097103653
1127,0.3449809012348533
1128,0.17171254651564344
1129,0.22805959880425292
1130,0.2165856123088364
1131,0.0667191460788283
1132,0.16208722023854755
1133,0.13332527226275595
1134,0.426909176177318
1135,0.2670721334273229
1136,0.9925999898642851
1137,0.24794579268744837
1138,0.1968951422410597
1139,0.20593427645770698
1140,0.4490432780907862
1141,0.18025813593184334
1142,0.34727118341700985
1143,0.04533161671354027
1144,0.1306222303822532
1145,0.21729866860975727
1146,0.32547155407752887
1147,0.051702078856987556
1148,0.25825052075851906
1149,0.21480498463370792
1150,0.15583638908107503
1151,0.23816187220536486
1152,0.10711144632115678
1153,0.26114913913296905
1154,0.396629069728521
1155,0.24985096840493853
1156,0.2433154910001763
1157,0.49417961004401245
1158,0.2130452505176701
1159,0.1939523478282749
1160,0.07188606998232576
1161,0.20954449559613947
1162,0.10610063459178881
1163,0.3330003449882699
1164,0.30025192467315875
1165,0.31529592254974176
1166,0.9963222705062813
1167,0.2647000324644145
1168,0.3723490163318508
1169,0.24709976928313782
1170,0.36428134556667013
1171,0.4403314895998078
1172,0.2359252560168416
1173,0.20965457479503571
1174,0.996019631511128
1175,0.18814934482156614
1176,0.9941012670228442
1177,0.998450537496588
1178,0.1678127955820525
1179,0.12848065399126454
1180,0.050554488757090205
1181,0.14419652879960448
1182,0.5716165437507716
1183,0.12860362677884496
1184,0.20688499852790507
1185,0.23693307574382655
1186,0.2812705573983399
1187,0.1859041511971809
1188,0.37159410916713725
1189,0.35894626825271286
1190,0.9786042713925499
1191,0.20260396043545567
1192,0.33147925868006733
1193,0.18163903930358602
1194,0.9982737617508878
1195,0.25877312592434243
1196,0.21196499336261274
1197,0.43427699176893275
1198,0.2665390394671415
1199,0.2400212054666647
1200,0.17521099172501925
1201,0.3971840740317167
1202,0.22827686287758286
1203,0.28188053137882413
1204,0.9948452883267792
1205,0.24896770254846673
1206,0.3143086366005566
1207,0.23992357046703228
1208,0.36339356703063924
1209,0.26832492347620013
1210,0.09374867567135822
1211,0.18371718118934674
1212,0.5787603001331539
1213,0.15346508637112324
1214,0.32442301067959967
1215,0.34623815753911713
1216,0.2208261440722818
1217,0.42963399217943554
1218,0.1531079259075548
1219,0.28123462797367077
1220,0.18277706291250329
1221,0.1519636527981413
1222,0.12921558860902715
1223,0.20560905884803926
1224,0.2957974359845996
1225,0.12614761382055706
1226,0.27588107852527766
1227,0.6680095353298268
1228,0.17701365535954516
1229,0.16274765510097294
1230,0.1584373778077107
1231,0.2801918298049264
1232,0.14260137998824524
1233,0.26853495594555554
1234,0.21224185649728744
1235,0.012437171615594022
1236,0.37440350810175566
1237,0.03688583587615772
1238,0.3182353220675919
1239,0.38814804341051073
1240,0.21812075103265285
1241,0.9799489350266861
1242,0.20120079215296302
1243,0.26878705611964426
1244,0.42045096874400356
1245,0.2766701800009128
1246,0.4760210758113411
1247,0.41075381035070746
1248,0.9857753500115763
1249,0.3002730800708442
1250,0.18790125896391122
1251,0.12687449140638374
1252,0.516639768578862
1253,0.3805426676939734
1254,0.49169233580610955
1255,0.99608091812476
1256,0.2462041528713787
1257,0.11197965293637578
1258,0.48070356733976877
1259,0.20154035312566224
1260,0.2836108390873621
1261,0.24192143628701462
1262,0.20186300175652877
1263,0.16888761900119995
1264,0.20290633601281374
1265,0.17511047237531951
1266,0.16183475753630042
1267,0.18183422852876235
1268,0.19064158314244375
1269,0.1378765689912238
1270,0.23131244431803838
1271,0.25187944031002485
1272,0.9948837588792063
1273,0.14969429730781403
1274,0.19163602423518927
1275,0.2135971805126172
1276,0.14878992493310483
1277,0.44962411278171466
1278,0.17515999117718378
1279,0.3098096054683592
1280,0.28422860996283617
1281,0.44519912204592504
1282,0.33874076575650847
1283,0.9964434128659881
1284,0.39198144219266273
1285,0.3097052723532175
1286,0.2204787954840339
1287,0.1680707451683615
1288,0.3624786677406254
1289,0.2529258626369809
1290,0.14510918874178017
1291,0.33613247076751374
1292,0.19588483876099635
1293,0.08871215343632809
1294,0.10853763590447561
1295,0.33860523278906085
1296,0.22007736413507784
1297,0.1620289238029643
1298,0.13438073690263533
1299,0.2682536518245807
1300,0.29356586648807753
1301,0.20620095892386536
1302,0.3631015832260475
1303,0.3506929292331443
1304,0.14554666251230478
1305,0.12127667132469178
1306,0.2307906359429395
1307,0.2608481068920665
1308,0.19194622817230053
1309,0.08753314229192562
1310,0.9949970223319967
1311,0.9974588252527525
1312,0.20784461887741648
1313,0.16421747396097527
1314,0.9962133389824208
1315,0.19125041685132388
1316,0.1747881619352564
1317,0.3809061153418565
1318,0.14554171418078993
1319,0.08957888716011837
1320,0.20804522017612898
1321,0.36637792316204865
1322,0.34444996257357274
1323,0.1917920228517508
1324,0.25055830528376777
1325,0.2998615659399231
1326,0.26269361681804093
1327,0.2273584302687833
1328,0.24097367566599426
1329,0.5465558794247265
1330,0.3585986463276456
1331,0.26349031136627626
1332,0.17015229466367818
1333,0.4337042437214871
1334,0.24756593035717603
1335,0.4329481740507906
1336,0.19969195612239624
1337,0.20133241732553525
1338,0.2490637607112666
1339,0.3656448501473611
1340,0.22546585071828926
1341,0.41231595810479377
1342,0.15905033759704332
1343,0.07786597920609957
1344,0.22286593029782753
1345,0.4590812716115967
1346,0.9983006849033581
1347,0.3705038917229973
1348,0.21147318035559837
1349,0.991978480136793
1350,0.9952827417196168
1351,0.37539522839805983
1352,0.06190586724370762
1353,0.9973060997012113
1354,0.38401220107286677
1355,0.17128768407714393
1356,0.18348417590597418
1357,0.4347935029430567
1358,0.2534752398441906
1359,0.19385825583657595
1360,0.19145733121127773
1361,0.2692048946713377
1362,0.2369670119877385
1363,0.997489838262527
1364,0.14147002829637678
1365,0.21087651566697665
1366,0.19465839718005634
1367,0.39370127265189614
1368,0.9949075580478993
1369,0.12989036485913194
1370,0.23769587064394787
1371,0.16071753368247252
1372,0.08435787284905999
1373,0.25024090306621244
1374,0.31648858486400366
1375,0.21504877945521797
1376,0.2685180047479513
1377,0.21575053573890235
1378,0.27263264124551045
1379,0.2145424412533547
1380,0.2705950515431027
1381,0.17444992352144695
1382,0.17916452986307213
1383,0.17157580048479476
1384,0.3877821466844362
1385,0.18159492778742237
1386,0.16047415277574842
1387,0.18821273894549245
1388,0.28859215479772155
1389,0.16504623678002123
1390,0.2418610309821328
1391,0.14798343147093132
1392,0.17101661233031015
1393,0.4821785976928538
1394,0.2625998825696681
1395,0.34821803002855106
1396,0.2494276306071967
1397,0.17473490547435996
1398,0.16651398159404007
1399,0.178450605288655
1400,0.2761628412883138
1401,0.2674400510710379
1402,0.13548982116149993
1403,0.2750082986225991
1404,0.35647982606057194
1405,0.2017993406131949
1406,0.12632788614033705
1407,0.19896149893078732
1408,0.26016943759841793
1409,0.2910462111104279
1410,0.17989653340812986
1411,0.39950939299501365
1412,0.21100955454084214
1413,0.1698824191389896
1414,0.22112523242772472
1415,0.15557119924916474
1416,0.1869924941734391
1417,0.2534004937452015
1418,0.061384706860164395
1419,0.03046637295154552
1420,0.13619954702900433
1421,0.04437594863428565
1422,0.4432033401433383
1423,0.2489537109892162
1424,0.15918054651695923
1425,0.9978922259997558
1426,0.02754020226418294
1427,0.20690708276274414
1428,0.15547372961936193
1429,0.0885167643451933
1430,0.9984493592244325
1431,0.34846880169393424
1432,0.35049743921441123
1433,0.12252211680557824
1434,0.244764458006566
1435,0.23625873987727697
1436,0.19234477099225064
1437,0.3870900843378584
1438,0.9939492373485329
1439,0.18390593455594173
1440,0.5235784459008294
1441,0.9946770070886111
1442,0.19597783270068506
1443,0.30359123289212947
1444,0.32786198323524784
1445,0.16477257577030607
1446,0.08736775057845048
1447,0.24809987234883663
1448,0.18355706369497804
1449,0.21183133760802286
1450,0.11826886589003364
1451,0.19659187610419607
1452,0.06763136269212922
1453,0.1879040187758536
1454,0.06364691095401201
1455,0.08116927191104417
1456,0.154551026232023
1457,0.17825219846796062
1458,0.2870599925230755
1459,0.16906962482147495
1460,0.16073653932182433
1461,0.15756108969821683
1462,0.28917969617434386
1463,0.17775163988849543
1464,0.1237559518003009
1465,0.16776532584364676
1466,0.15865698296099914
1467,0.3227665976870741
1468,0.43164162532443917
1469,0.2939994502292201
1470,0.28297635870091226
1471,0.5017581234738241
1472,0.15096373737690924
1473,0.23193812216260132
1474,0.2914121748201362
1475,0.20298872252071362
1476,0.9915215057573767
1477,0.11146843742108856
1478,0.21884920643215672
1479,0.21422062490379978
1480,0.21003553740479083
1481,0.9974946183674813
1482,0.09416616841975282
1483,0.09589534786806746
1484,0.2256331824968383
1485,0.15011912277250933
1486,0.24194793934364286
1487,0.4430512892454245
1488,0.15308450786337816
1489,0.26302085597742714
1490,0.43389919504082025
1491,0.20328710713801063
1492,0.25644158672576517
1493,0.34328134087875717
1494,0.1962355394107962
1495,0.23192533428161333
1496,0.08507828283818059
1497,0.10757853628258923
1498,0.5017980019421896
1499,0.6366134950113422
1500,0.4116297169640881
1501,0.2480314230619509
1502,0.2857919279446623
1503,0.21086619768464152
1504,0.13346230846871626
1505,0.22935352199486228
1506,0.2567304612601709
1507,0.29139482973963426
1508,0.9944548631861266
1509,0.2652563357608015
1510,0.17319985415133235
1511,0.12403541723891376
1512,0.3087420090683551
1513,0.22723762749803517
1514,0.23224003897297377
1515,0.1499321519277556
1516,0.549576340668017
1517,0.2019045217482416
1518,0.16778142369701415
1519,0.10217509125990476
1520,0.08352184081925443
1521,0.34084307129934577
1522,0.0760239868690718
1523,0.061315803689957434
1524,0.17895524785576877
1525,0.22553152164840268
1526,0.22387569622737213
1527,0.36051545014864883
1528,0.35567032381530844
1529,0.19299335807241452
1530,0.2813493155864606
1531,0.17941006660472153
1532,0.1993318009590208
1533,0.17814528210820488
1534,0.28745413430784605
1535,0.4135079924820683
1536,0.10463814243156071
1537,0.4170986013155943
1538,0.13174504259612993
1539,0.3809126741027835
1540,0.0832661771288563
1541,0.2688963994117244
1542,0.14132407518722512
1543,0.44223862886445753
1544,0.14795133599625498
1545,0.2220045524929915
1546,0.17028288908594408
1547,0.5187752232131201
1548,0.2813782562136494
1549,0.45171346301086895
1550,0.3182700086157561
1551,0.17540983475478186
1552,0.08857054179095893
1553,0.43754833289495254
1554,0.13671603661256584
1555,0.23877850286298885
1556,0.3378648874262684
1557,0.4781586214928079
1558,0.31476971243289614
1559,0.14507774363515552
1560,0.995934569747591
1561,0.9923083621220321
1562,0.12971665540129282
1563,0.9974203941199015
1564,0.2928332313765768
1565,0.23394090742571846
1566,0.9928194686085916
1567,0.2670665923247941
1568,0.12086274496596393
1569,0.18414721232461
1570,0.3843725978567891
1571,0.047853365548411096
1572,0.3290832195201929
1573,0.9937695322438013
1574,0.1795200465142557
1575,0.2289024332931251
1576,0.3660467730203256
1577,0.19416068090911937
1578,0.18633689683515386
1579,0.38946870615784657
1580,0.2963746733355787
1581,0.21805896515503453
1582,0.2725739574633723
1583,0.3639335873385436
1584,0.44396979601001424
1585,0.9952722148079397
1586,0.202034862121269
1587,0.5046717482389038
1588,0.2704252915803618
1589,0.9958738881230844
1590,0.282319409734883
1591,0.2775131250309997
1592,0.1502390832802424
1593,0.2095833582690299
1594,0.36336447669736605
1595,0.17377705148113073
1596,0.13042777840567515
1597,0.19409230339179834
1598,0.46388948240891165
1599,0.2760584450559605
1600,0.378803311127647
1601,0.1720915203879532
1602,0.339453243350192
1603,0.32593000833890445
1604,0.3251421650523351
1605,0.21944279967819416
1606,0.9947292991447995
1607,0.11372979438482846
1608,0.10921573652544003
1609,0.18427896361132137
1610,0.08212858234648997
1611,0.1991550824661195
1612,0.17919252454605564
1613,0.4713982993241607
1614,0.34488896085332604
1615,0.36053167006819864
1616,0.12191069227662404
1617,0.24244158809098376
1618,0.2229349369951095
1619,0.3677651460962315
1620,0.26006086930275746
1621,0.23089247570237836
1622,0.1519841377300234
1623,0.15410690967942067
1624,0.13999035812105412
1625,0.168251762471009
1626,0.15694535162369305
1627,0.1993922761453331
1628,0.2781993809343149
1629,0.993137905374966
1630,0.9974324209506983
1631,0.4514946857081511
1632,0.9962082534759926
1633,0.36786889274418794
1634,0.21216055132896006
1635,0.223720543820752
1636,0.20013303234077362
1637,0.5658425403311604
1638,0.11812589719911534
1639,0.38007847419957724
1640,0.23080262372460056
1641,0.2976980735804741
1642,0.23806989226647424
1643,0.15448597195596703
1644,0.18930559080916698
1645,0.19737417871228705
1646,0.24737821852797157
1647,0.14694784707257758
1648,0.1620630810125929
1649,0.30009147362969857
1650,0.25431166897265256
1651,0.39673231692329053
1652,0.15355745185037145
1653,0.28689508992580887
1654,0.3215945639466901
1655,0.2698116398427013
1656,0.556275789131685
1657,0.261974326736983
1658,0.18593336758225396
1659,0.20885510739840343
1660,0.20118877501254875
1661,0.20535250096070243
1662,0.2655621844783428
1663,0.23864226918121886
1664,0.20478853849505763
1665,0.5542489292612554
1666,0.06293994732299253
1667,0.086429418400909
1668,0.49579197232472216
1669,0.32841892829787184
1670,0.36519789976441236
1671,0.22075987924049367
1672,0.37302083236507066
1673,0.24806046764819914
1674,0.2238866920972364
1675,0.26129771187151773
1676,0.3629188452216295
1677,0.2163594530157029
1678,0.3701257840587242
1679,0.15616964505896394
1680,0.13850189631117663
1681,0.23174489670993154
1682,0.2422571766392942
1683,0.021832207913676568
1684,0.19423667070501033
1685,0.29478749264810505
1686,0.17772915955576962
1687,0.1375515447349538
1688,0.3513204442740481
1689,0.17535817338044823
1690,0.13045120716093253
1691,0.24626529293864938
1692,0.1587447118319403
1693,0.9949136774989767
1694,0.10963851197595628
1695,0.21988367852091248
1696,0.2433602240649857
1697,0.16573565739777044
1698,0.26203096258321495
1699,0.995756585113308
1700,0.20486307795086645
1701,0.350859540068085
1702,0.07548515594183394
1703,0.2313694954235168
1704,0.2338455314452195
1705,0.14442535970497075
1706,0.5217737761060796
1707,0.19014177973909252
1708,0.31163902489749984
1709,0.241114168873305
1710,0.12796242226509333
1711,0.2211905217625015
1712,0.23106330880338663
1713,0.17083325162100965
1714,0.2742999952885119
1715,0.12161815313958863
1716,0.3410441309078089
1717,0.11977825871018528
1718,0.30555784269116354
1719,0.15004686721973057
1720,0.11516648791527816
1721,0.37155730352974026
1722,0.06273805823657229
1723,0.42221333940321776
1724,0.36368525985908773
1725,0.9949378102750153
1726,0.43619237607028677
1727,0.23969815281011433
1728,0.407049859137075
1729,0.3703754012907632
1730,0.37286200766077227
1731,0.16833248591119576
1732,0.5796271560617117
1733,0.11498368776481548
1734,0.9970207828717129
1735,0.2268548887959605
1736,0.1700802286523371
1737,0.17849343877992505
1738,0.14611828187111583
1739,0.20015150671752083
1740,0.22197554676942147
1741,0.2294379335007771
1742,0.21166051693660107
1743,0.2812012417654471
1744,0.20837288068368442
1745,0.34133582281931457
1746,0.17698912696187405
1747,0.21825937974544637
1748,0.3081095406418333
1749,0.1874416881941142
1750,0.9983735126691877
1751,0.24820638308107454
1752,0.3178943002809872
1753,0.19848718958892747
1754,0.18307196056289823
1755,0.2727419246041123
1756,0.14381917418733234
1757,0.19002044317988678
1758,0.2998265978145847
1759,0.18591868416846544
1760,0.18272419352645272
1761,0.3966416350684136
1762,0.36711735043385935
1763,0.558283704852879
1764,0.23903509006235357
1765,0.2588242398367962
1766,0.2871045479774159
1767,0.2296503454788345
1768,0.1895230185257871
1769,0.4066695386435223
1770,0.25135611061750956
1771,0.20981837649079685
1772,0.26489910657483057
1773,0.08831585144842408
1774,0.2202036245830579
1775,0.23908488316320123
1776,0.2752488926753938
1777,0.2374552131902245
1778,0.17491674957740014
1779,0.997451379604277
1780,0.19921332844234627
1781,0.24782361684588944
1782,0.23154447394413621
1783,0.24834382111021552
1784,0.5746981399132841
1785,0.21588658514995945
1786,0.1729786495535926
1787,0.3149850543496171
1788,0.10966606835583324
1789,0.19043528881364438
1790,0.9992121534278856
1791,0.14116865674255252
1792,0.1625717112585731
1793,0.30443335325966575
1794,0.26117930521310034
1795,0.2632028093863491
1796,0.2685540636200038
1797,0.21683643480154025
1798,0.15614157814001667
1799,0.32639821497985244
1800,0.1739586201694906
1801,0.2747599328703809
1802,0.3272376340081665
1803,0.2235341293454533
1804,0.9970482605955323
1805,0.145362965513748
1806,0.25169873785082647
1807,0.13590075868767484
1808,0.3067108658204916
1809,0.5007729511358904
1810,0.23873445082535547
1811,0.401672368318833
1812,0.2406049050461763
1813,0.5008054879916095
1814,0.280603048875644
1815,0.21060449506333187
1816,0.24327339068312076
1817,0.30131065349448105
1818,0.1410204260826474
1819,0.5235878444025174
1820,0.9967015490896347
1821,0.47825823107501847
1822,0.07365175400830021
1823,0.224913792471492
1824,0.16712719941160428
1825,0.2326588158587483
1826,0.132730480979422
1827,0.17786716638527836
1828,0.47172393149739666
1829,0.353465452528847
1830,0.1495585468414736
1831,0.1827812440219429
1832,0.39961367502082024
1833,0.37125744228790886
1834,0.3547603970817116
1835,0.23629433297867095
1836,0.08382158348221161
1837,0.42807503964322957
1838,0.23031561691825014
1839,0.1436153846652816
1840,0.23187426637430972
1841,0.3526776674665302
1842,0.2325611643127973
1843,0.24191413414252091
1844,0.33866726387694085
1845,0.31376561935337344
1846,0.21355497312586008
1847,0.9964797908435169
1848,0.13314752528062523
1849,0.35390849332227614
1850,0.18695771983560408
1851,0.35168587047333966
1852,0.23667066216892493
1853,0.3020931300520892
1854,0.1444830791299572
1855,0.16591278734115597
1856,0.1070885099354788
1857,0.42509716261484676
1858,0.4479256021564786
1859,0.9965210654507698
1860,0.2222092981651476
1861,0.16828245075220985
1862,0.20861252178924997
1863,0.9968078628257926
1864,0.13365647447680395
1865,0.5439506207348458
1866,0.3018180945883533
1867,0.22714544722381624
1868,0.23789084561888993
1869,0.14458537735440047
1870,0.0959900342390122
1871,0.5012453998228154
1872,0.11269252960123949
1873,0.2642865262304856
1874,0.5331166520921675
1875,0.27198665112710907
1876,0.36088268259612905
1877,0.9785615313351901
1878,0.3533648270541703
1879,0.24365864174713966
1880,0.4490193505325543
1881,0.41829249876433827
1882,0.1498028014229686
1883,0.14599357074316363
1884,0.08333988815401495
1885,0.14114514451116017
1886,0.27380714484732055
1887,0.3201310764354597
1888,0.2895270917584956
1889,0.2636297844248527
1890,0.1322671623042267
1891,0.19270447098454588
1892,0.18910161297363218
1893,0.4213317601759826
1894,0.15535171947236048
1895,0.23336789334812988
1896,0.16923844601723512
1897,0.30609434621269166
1898,0.17948755734774935
1899,0.30059546234303
1900,0.13069756847889658
1901,0.13826237330918367
1902,0.25951584004417744
1903,0.25310630190168126
1904,0.283998015575595
1905,0.15915830704867046
1906,0.22691091535794347
1907,0.20160862403547739
1908,0.3576414037509299
1909,0.20142215713118056
1910,0.2100244925173713
1911,0.26813246363985505
1912,0.29791583931449694
1913,0.3107720905212239
1914,0.9955528578781394
1915,0.20857650812439585
1916,0.27555107685400937
1917,0.23908166377770423
1918,0.18529716234309182
1919,0.3206899538892081
1920,0.5282559547242358
1921,0.35884018676126744
1922,0.18875091304188515
1923,0.1074815531281847
1924,0.2819692110388263
1925,0.2575003620490805
1926,0.1976378116058775
1927,0.11429233283582918
1928,0.26688348804663653
1929,0.1452336552092349
1930,0.150958010494134
1931,0.19264641000449334
1932,0.3145067940344952
1933,0.3142396006154467
1934,0.21629496331987355
1935,0.1902896332508654
1936,0.2402650720012511
1937,0.4016722858726355
1938,0.2545165449304043
1939,0.17113718006745998
1940,0.12145626127691163
1941,0.1087587271272185
1942,0.2932537920251698
1943,0.2506505957950075
1944,0.49213193620630125
1945,0.3648039385756133
1946,0.17675008822705324
1947,0.2619926885861246
1948,0.20528167445173895
1949,0.27031449844462635
1950,0.2915033439813312
1951,0.19656113243025614
1952,0.21875634665760021
1953,0.20430345006175774
1954,0.37650130901501133
1955,0.9952895999105686
1956,0.11435096982265806
1957,0.40684246092576126
1958,0.5297682009798302
1959,0.3350861554380098
1960,0.35055352758812286
1961,0.2527544297577096
1962,0.20997795571585787
1963,0.21911287137097443
1964,0.15791268573133282
1965,0.2888728479605649
1966,0.11955414419303617
1967,0.10612873505265395
1968,0.09439690537496087
1969,0.3513667157311871
1970,0.31708388740825744
1971,0.20376330088108727
1972,0.3515091884281041
1973,0.1793677645588137
1974,0.09807309443020398
1975,0.19527806522369553
1976,0.195090402624121
1977,0.12200622926215553
1978,0.13645754151286732
1979,0.4502448938829791
1980,0.3888132162076463
1981,0.29884990879901846
1982,0.353780006655104
1983,0.3437406353656005
1984,0.1329830629757191
1985,0.248604589619149
1986,0.2504289531648056
1987,0.16694900034268573
1988,0.3082302284332007
1989,0.22068089342834638
1990,0.24949663688355658
1991,0.2665071106799948
1992,0.2371254267034042
1993,0.24833707991785597
1994,0.38523776920236424
1995,0.400379586531912
1996,0.17522444233852308
1997,0.16586809236606406
1998,0.24525652325738445
1999,0.27930431392831806
2000,0.996446730292818
2001,0.9931155490918474
2002,0.439914351763308
2003,0.15353681766912247
2004,0.16004490476516492
2005,0.993961446174663
2006,0.989734024353851
2007,0.1517393884809477
2008,0.1366774258829713
2009,0.10237383468211624
2010,0.4469727519154521
2011,0.15786568112562982
2012,0.19305231473261633
2013,0.25395495878317026
2014,0.07765915349201825
2015,0.2832111220185358
2016,0.22773675589595788
2017,0.15950650765942181
2018,0.5396737488026103
2019,0.11201740981695403
2020,0.271873933791722
2021,0.19983671329372463
2022,0.08511817152881028
2023,0.2461100536642138
2024,0.12909445913648634
2025,0.17594088665231505
2026,0.18487245735219807
2027,0.2902938282065128
2028,0.1985737917956885
2029,0.3914092471563656
2030,0.1619491135537543
2031,0.10855771224643845
2032,0.2157471261042394
2033,0.11949764519303643
2034,0.2555179839003979
2035,0.05140378961920739
2036,0.2812414998248457
2037,0.17145562458419641
2038,0.3585131477803549
2039,0.029072930358334106
2040,0.16199578174163573
2041,0.2502395788761527
2042,0.1409698206667814
2043,0.2658677212882209
2044,0.24884042744145488
2045,0.08997065082170085
2046,0.24244684459128477
2047,0.9963260703346916
2048,0.3013364985975956
2049,0.47291309721458585
2050,0.21205380495689571
2051,0.07535308792624495
2052,0.22145232551664842
2053,0.3845069742963336
2054,0.29930851729664343
2055,0.41168401033646096
2056,0.0426024391570121
2057,0.18540656395461913
2058,0.14894551153398647
2059,0.1550809551598729
2060,0.32772876300496856
2061,0.3137215380478634
2062,0.32107146610478715
2063,0.24446586493680403
2064,0.3337445128544337
2065,0.1975387075486357
2066,0.11945178653771396
2067,0.2938890542196607
2068,0.41947728859583777
2069,0.19141706556803806
2070,0.22346892509331498
2071,0.25386755975835334
2072,0.2644917921109453
2073,0.44693058706446714
2074,0.22819783314077136
2075,0.13977858106255597
2076,0.44981808609092155
2077,0.05821558543357907
2078,0.9954570816219699
2079,0.1188163340257851
2080,0.22439805338706661
2081,0.05647297347636476
2082,0.1531062260196319
2083,0.01565282377818614
2084,0.5282772247739858
2085,0.20041691246512605
2086,0.2751853116350157
2087,0.30245175086250004
2088,0.12973502234275686
2089,0.22082060181694532
2090,0.17655971546218543
2091,0.5041141889523139
2092,0.18945193770289404
2093,0.11439671411462983
2094,0.19946532585963112
2095,0.1641085785666558
2096,0.24536317483852726
2097,0.27564529562281936
2098,0.11163472827786998
2099,0.31768321633973473
2100,0.2518542544000711
2101,0.20289197449978497
2102,0.25987495630899327
2103,0.26365186007584485
2104,0.24578083658453126
2105,0.23031598343528675
2106,0.3261562249337762
2107,0.32880851842626124
2108,0.278395993289369
2109,0.16276651010999024
2110,0.19769425110615793
2111,0.18197928060823482
2112,0.18160177383143408
2113,0.2587679574502012
2114,0.20440283090534497
2115,0.2543463417891836
2116,0.11502693165536097
2117,0.34587537841124183
2118,0.1926181945188441
2119,0.4554684731135983
2120,0.30549798184569743
2121,0.15600154481449932
2122,0.15739722442563636
2123,0.16450152132929824
2124,0.29691680949270066
2125,0.3860548424928941
2126,0.1699789294039908
2127,0.30251025467619375
2128,0.458173661275666
2129,0.4043370812220039
2130,0.2279151681232191
2131,0.44246393773164056
2132,0.15519524456058012
2133,0.9941566650008526
2134,0.24436629170771812
2135,0.17660732046975172
2136,0.2242028151561266
2137,0.24668666320463412
2138,0.9977061263548663
2139,0.12979537793416412
2140,0.3444029545556646
2141,0.12487284146993138
2142,0.16274851310203725
2143,0.9964772968605964
2144,0.10585950844622323
2145,0.17761921302050934
2146,0.23305027520675028
2147,0.18279901144011898
2148,0.35366918573778855
2149,0.0905549447624415
2150,0.17671366128032573
2151,0.20549959508070204
2152,0.03324129255047206
2153,0.187432673875224
2154,0.1464460978728718
2155,0.04468673513148982
2156,0.29291342085146577
2157,0.12842269923812477
2158,0.26102241964392875
2159,0.25251286286751384
2160,0.4760451199645724
2161,0.16100370489434623
2162,0.3415940539961049
2163,0.12341548694217264
2164,0.18722443073768288
2165,0.22456662497382204
2166,0.1629751187940462
2167,0.1537070251229341
2168,0.32269410520802244
2169,0.17763501702481654
2170,0.9968744737700439
2171,0.20867454422450735
2172,0.17491084268413992
2173,0.13564164976590343
2174,0.12715043019979516
2175,0.2823729211007343
2176,0.4317489965692249
2177,0.1707550839130921
2178,0.46825630813491625
2179,0.4452955146498208
2180,0.22529059601224602
2181,0.30712202121217747
2182,0.3889869370540644
2183,0.3783895138501823
2184,0.5400842863185872
2185,0.24555664560583987
2186,0.1759126492566261
2187,0.15831765235071096
2188,0.28929814960621286
2189,0.2700672862069171
2190,0.23084664932321797
2191,0.2529134174786413
2192,0.2236655502044171
2193,0.032953787649508265
2194,0.2855246082523328
2195,0.4225605727542673
2196,0.1484300493177443
2197,0.3577882111147656
2198,0.28187911170580887
2199,0.45104558653836935
2200,0.18723201307295842
2201,0.20952494490796691
2202,0.22721062833203945
2203,0.578513629270252
2204,0.17168326523771998
2205,0.24945078194760772
2206,0.9950590091051223
2207,0.2802479477465537
2208,0.13511594539560023
2209,0.3059079972752024
2210,0.149020182756153
2211,0.18852412755983078
2212,0.2216615472275872
2213,0.3563832048466452
2214,0.07611101384417689
2215,0.18778792217545542
2216,0.20122403725674706
2217,0.11883743711784447
2218,0.2557128551448257
2219,0.4627540511673221
2220,0.3364980891517968
2221,0.28351673227723556
2222,0.2387732076395953
2223,0.16505637013676086
2224,0.4848048884102642
2225,0.2468255855826097
2226,0.15615821545487155
2227,0.1367013328402604
2228,0.3167522232291268
2229,0.21518014489505086
2230,0.26191269250205224
2231,0.19469642680591723
2232,0.9964697934839553
2233,0.24853074783561263
2234,0.20953100122291352
2235,0.1822678176804858
2236,0.23755210701838933
2237,0.2871306576737037
2238,0.19591019589598968
2239,0.17084252037179543
2240,0.22565195295933257
2241,0.06774068627662026
2242,0.15225990230429962
2243,0.10294766067829667
2244,0.3790130525593374
2245,0.46345626016516583
2246,0.264737891552247
2247,0.14423745997939957
2248,0.2683547290743879
2249,0.29811318712542584
2250,0.3350346923286985
2251,0.2617177481379429
2252,0.0692985237010365
2253,0.28644906369203205
2254,0.19360783227610295
2255,0.2818837693687423
2256,0.1833127377538983
2257,0.9920067086962279
2258,0.18795310539165502
2259,0.19311691344585835
2260,0.12536782492331403
2261,0.23719451583973025
2262,0.9981772753960637
2263,0.3840131012442473
2264,0.35004901136987493
2265,0.07541880369101149
2266,0.10703296202008664
2267,0.29564365438487816
2268,0.25610052221336155
2269,0.29790088511610785
2270,0.15124034614892107
2271,0.1932787033099368
2272,0.18072724262558482
2273,0.2588757325384559
2274,0.19221645911113322
2275,0.9951435240166163
2276,0.3148842815622899
2277,0.23025987077920845
2278,0.26993759030098813
2279,0.1410750346281557
2280,0.1993463898668979
2281,0.2154632469347788
2282,0.7763072198048141
2283,0.2132106912212786
2284,0.3824527424037457
2285,0.14326646732753803
2286,0.2813740242692642
2287,0.3272073604081269
2288,0.15580865557682838
2289,0.2666706895834523
2290,0.18707832838875246
2291,0.1277136146087826
2292,0.24306479211001364
2293,0.1406304179740698
2294,0.20153615429964195
2295,0.20503157470208785
2296,0.35162806074834074
2297,0.13561655597496036
2298,0.42789563779545275
2299,0.23767953401695305
2300,0.2797183656547807
2301,0.18175163914508893
2302,0.2006640768182599
2303,0.3097538278237896
2304,0.22698724741077847
2305,0.3355019562451189
2306,0.21502322061075857
2307,0.17344493621436777
2308,0.1849716364091445
2309,0.30683036893181453
2310,0.4329695629014719
2311,0.11011091689370683
2312,0.16369988462552207
2313,0.12566852073940052
2314,0.3768919634164331
2315,0.2105361013990023
2316,0.06782702293305505
2317,0.38864513783555127
2318,0.07339834091509602
2319,0.41497268841545737
2320,0.2434791935242791
2321,0.4285750876295081
2322,0.33947299831379657
2323,0.14293899465807083
2324,0.34947376098974287
2325,0.26169922410321717
2326,0.1418829942339667
2327,0.4513495392354207
2328,0.2963694875984686
2329,0.17651442589501368
2330,0.41463850224327214
2331,0.1673067481634678
2332,0.0371605309367988
2333,0.27754189781532235
2334,0.30714169659591206
2335,0.30272606884978775
2336,0.18646897734782036
2337,0.18021182252299411
2338,0.1564085866493657
2339,0.28303267269033927
2340,0.15722963233104953
2341,0.045778695951526345
2342,0.36060297539700553
2343,0.43463920169817
2344,0.18877046039820355
2345,0.37974903102737195
2346,0.2528735049204473
2347,0.16054609608754997
2348,0.25750203628895235
2349,0.28731984376204944
2350,0.2339363246771111
2351,0.24315559154460092
2352,0.23892095443306827
2353,0.9981181214451277
2354,0.4403888588675406
2355,0.23067584046770612
2356,0.1030064508270669
2357,0.2409445975950072
2358,0.13054555036865373
2359,0.35585756827086445
2360,0.1405873587836834
2361,0.22745141471433541
2362,0.1805327586755312
2363,0.14258113468773675
2364,0.20633885271316849
2365,0.21063590176986294
2366,0.25371287556721955
2367,0.17480920863023033
2368,0.14752452637459032
2369,0.22930602793004523
2370,0.12213502232160461
2371,0.2806445169464995
2372,0.24958968846158058
2373,0.23155586749314394
2374,0.19525975877333862
2375,0.5430341389432176
2376,0.18300761187006626
2377,0.23335562494086787
2378,0.9941717149642044
2379,0.9963615451218562
2380,0.9974535018498574
2381,0.2035401943472823
2382,0.3611067361278769
2383,0.2676937174556262
2384,0.24551482761206533
2385,0.13272630127458285
2386,0.9944179421901853
2387,0.457518858493676
2388,0.2147587851665622
2389,0.17620221500262054
2390,0.20901753895721017
2391,0.11471192307792309
2392,0.11802327665491374
2393,0.19746910802257955
2394,0.2284447109265057
2395,0.25622409507525057
2396,0.1661307342029423
2397,0.13058849464595826
2398,0.22490498904578554
2399,0.1142546523472388
2400,0.22415874604844493
2401,0.20100034082594298
2402,0.2662351015752591
2403,0.16372997675124926
2404,0.34531368013241515
2405,0.14511183794844565
2406,0.993130629967127
2407,0.19907736813463606
2408,0.17606049914217314
2409,0.2605416000789607
2410,0.2675254136920823
2411,0.5066495638747524
2412,0.2658416422903906
2413,0.19008784247372246
2414,0.2525069410670048
2415,0.1306293988252236
2416,0.2060303125820271
2417,0.3960370794573803
2418,0.13752692907909747
2419,0.4790574556610659
2420,0.20495635796401784
2421,0.22611896629910389
2422,0.4430593044849551
2423,0.1472782299604248
2424,0.22298292673139183
2425,0.3385766330026669
2426,0.1978034269569349
2427,0.3295659937832826
2428,0.9933195708925217
2429,0.08290630214624167
2430,0.11479509444367074
2431,0.14982509986958265
2432,0.3193381241144608
2433,0.2860757687426542
2434,0.20432353621487084
2435,0.25106381468919564
2436,0.14533422351222505
2437,0.11867369357928126
2438,0.13558761100926428
2439,0.19477651354818387
2440,0.20884258790196694
2441,0.06980992084922713
2442,0.19100725396987964
2443,0.40214678524718284
2444,0.015974927659803212
2445,0.23240948510306003
2446,0.24896138907473253
2447,0.307339276324165
2448,0.16932497511163946
2449,0.998413694917799
2450,0.24823865105796483
2451,0.14380625261895374
2452,0.16153574863341705
2453,0.12742004000397386
2454,0.06252596428770933
2455,0.17039868274281864
2456,0.31656241971459614
2457,0.1600182764604922
2458,0.3674431479495607
2459,0.2906373667736621
2460,0.3492002231878504
2461,0.22303071063116237
2462,0.13807193697422368
2463,0.23276903615315694
2464,0.40496695401696753
2465,0.4780587765136404
2466,0.26673637029033376
2467,0.2111121507459136
2468,0.3194319873673352
2469,0.2407993673552317
2470,0.9936172848947064
2471,0.26789891565996576
2472,0.9872139351646235
2473,0.24116863773017042
2474,0.14265622591991617
2475,0.17582286115505397
2476,0.16800416345814617
2477,0.9955463651631151
2478,0.2565371692403233
2479,0.20906505211952942
2480,0.16013177028792314
2481,0.14870641530156153
2482,0.22480223763336818
2483,0.2725356143265797
2484,0.12992380545072674
2485,0.2756932353306997
2486,0.1697734714101957
2487,0.15810989537535744
2488,0.24728531863659117
2489,0.1923976705464686
2490,0.07803991927960717
2491,0.2598778727449933
2492,0.2168142184313481
2493,0.13579531639711503
2494,0.35298136620190057
2495,0.1704565394652674
2496,0.19406336795479195
2497,0.3752230025951743
2498,0.255023830376852
2499,0.9974887205932789
